game_idx,season,date,league,venue,matchup,url
1563168,2024,02월28일 (수) 22:00,수요 야간,살곶이야구장,Nooky Nooks 콜드승 12 한양대학교 D-Dogs OB 0,https://www.gameone.kr/club/info/schedule/boxscore?club_idx=31993&game_idx=1563168
1563175,2024,03월27일 (수) 20:00,수요 야간,살곶이야구장,S.D Rainbow 12 한양대학교 D-Dogs OB 7,https://www.gameone.kr/club/info/schedule/boxscore?club_idx=31993&game_idx=1563175
1563182,2024,04월17일 (수) 22:00,수요 야간,살곶이야구장,한양대학교 D-Dogs OB 2 SD ARROWs 콜드승 12,https://www.gameone.kr/club/info/schedule/boxscore?club_idx=31993&game_idx=1563182
1563186,2024,05월01일 (수) 22:00,수요 야간,살곶이야구장,한양대학교 D-Dogs OB 8 ANACONDAS 3,https://www.gameone.kr/club/info/schedule/boxscore?club_idx=31993&game_idx=1563186
1563189,2024,09월11일 (수) 20:00,수요 야간,살곶이야구장,드링커스야구단 콜드승 14 한양대학교 D-Dogs OB 2,https://www.gameone.kr/club/info/schedule/boxscore?club_idx=31993&game_idx=1563189
1563195,2024,06월05일 (수) 20:00,수요 야간,살곶이야구장,컬럼비아 와일드독스 7 한양대학교 D-Dogs OB 콜드승 17,https://www.gameone.kr/club/info/schedule/boxscore?club_idx=31993&game_idx=1563195
1563206,2024,07월10일 (수) 22:00,수요 야간,살곶이야구장,한양대학교 D-Dogs OB 5 파인트리스 6,https://www.gameone.kr/club/info/schedule/boxscore?club_idx=31993&game_idx=1563206
1563209,2024,07월24일 (수) 20:00,수요 야간,살곶이야구장,한양대학교 D-Dogs OB 2 트위너스 9,https://www.gameone.kr/club/info/schedule/boxscore?club_idx=31993&game_idx=1563209
1563339,2024,03월10일 (일) 07:30,일요 싱글,살곶이야구장,브로맨스연예인야구단 1 한양대학교 D-Dogs OB 8,https://www.gameone.kr/club/info/schedule/boxscore?club_idx=31993&game_idx=1563339
1563349,2024,03월17일 (일) 13:30,일요 싱글,살곶이야구장,한양대학교 D-Dogs OB 11 THE ONE (더원) 2,https://www.gameone.kr/club/info/schedule/boxscore?club_idx=31993&game_idx=1563349
1563365,2024,04월07일 (일) 17:30,일요 싱글,살곶이야구장,헤이컴온 0 한양대학교 D-Dogs OB 콜드승 8,https://www.gameone.kr/club/info/schedule/boxscore?club_idx=31993&game_idx=1563365
1563380,2024,04월21일 (일) 19:30,일요 싱글,살곶이야구장,한양대학교 D-Dogs OB 1 한양캠프 콜드승 9,https://www.gameone.kr/club/info/schedule/boxscore?club_idx=31993&game_idx=1563380
1563394,2024,05월19일 (일) 17:30,일요 싱글,살곶이야구장,한양대학교 D-Dogs OB 6 ANUBIS 3,https://www.gameone.kr/club/info/schedule/boxscore?club_idx=31993&game_idx=1563394
1563411,2024,06월16일 (일) 09:30,일요 싱글,살곶이야구장,블레스트 1 한양대학교 D-Dogs OB 콜드승 11,https://www.gameone.kr/club/info/schedule/boxscore?club_idx=31993&game_idx=1563411
1563433,2024,07월14일 (일) 13:30,일요 싱글,살곶이야구장,한양대학교 D-Dogs OB 콜드승 16 피스메이커즈 3,https://www.gameone.kr/club/info/schedule/boxscore?club_idx=31993&game_idx=1563433
1579917,2024,02월24일 (토) 11:00,[OB]야구&티볼 페스티벌 IN 양구,하리야구장,경희대국제 LIONS OB 7 한양대학교 D-Dogs OB 2,https://www.gameone.kr/club/info/schedule/boxscore?club_idx=31993&game_idx=1579917
1590665,2024,04월10일 (수) 10:00,원외리그,살곶이야구장,한양대학교 불새 4 한양대학교 D-Dogs OB 콜드승 13,https://www.gameone.kr/club/info/schedule/boxscore?club_idx=31993&game_idx=1590665
1596754,2024,06월02일 (일) 07:00,생활체육서울시민리그,난지구장,한양대학교 D-Dogs OB 5 와니엘SG 5,https://www.gameone.kr/club/info/schedule/boxscore?club_idx=31993&game_idx=1596754
1597477,2024,06월23일 (일) 09:00,생활체육서울시민리그,난지구장,한양대학교 D-Dogs OB 콜드승 13 Songpa twins 0,https://www.gameone.kr/club/info/schedule/boxscore?club_idx=31993&game_idx=1597477
1597478,2024,08월25일 (일) 13:00,생활체육서울시민리그,난지구장,NotOut 6 한양대학교 D-Dogs OB 3,https://www.gameone.kr/club/info/schedule/boxscore?club_idx=31993&game_idx=1597478
1597479,2024,09월01일 (일) 13:00,생활체육서울시민리그,난지구장,한양대학교 D-Dogs OB 25 BDP 1,https://www.gameone.kr/club/info/schedule/boxscore?club_idx=31993&game_idx=1597479
1601611,2024,07월13일 (토) 11:00,제 2회 제천시의림지배 전국대학동아리야구대회(2024 제천 졸업생부문),제천시 송학야구장,수원대학교 기백 OB 콜드승 10 한양대학교 D-Dogs OB 2,https://www.gameone.kr/club/info/schedule/boxscore?club_idx=31993&game_idx=1601611
1602224,2024,07월14일 (일) 09:00,제 2회 제천시의림지배 전국대학동아리야구대회(2024 제천 졸업생부문),제천시 금성야구장,한양대OB 콜드승 14 한양대학교 D-Dogs OB 1,https://www.gameone.kr/club/info/schedule/boxscore?club_idx=31993&game_idx=1602224
1603656,2024,09월01일 (일) 17:30,일요 싱글,살곶이야구장,gaepo mammoth 2 한양대학교 D-Dogs OB 콜드승 12,https://www.gameone.kr/club/info/schedule/boxscore?club_idx=31993&game_idx=1603656
1603720,2024,07월28일 (일) 09:00,생활체육서울시민리그,난지구장,집중 8 한양대학교 D-Dogs OB 9,https://www.gameone.kr/club/info/schedule/boxscore?club_idx=31993&game_idx=1603720
1609808,2024,09월22일 (일) 14:00,일요 싱글,살곶이야구장,ANUBIS 4 한양대학교 D-Dogs OB 5,https://www.gameone.kr/club/info/schedule/boxscore?club_idx=31993&game_idx=1609808
1611177,2024,10월06일 (일) 09:00,일요 싱글,살곶이야구장,gaepo mammoth 11 한양대학교 D-Dogs OB 3,https://www.gameone.kr/club/info/schedule/boxscore?club_idx=31993&game_idx=1611177
1612539,2024,10월06일 (일) 13:00,디비전 6-강남구,구의 야구장,한양대학교 불새 8 한양대학교 D-Dogs OB 3,https://www.gameone.kr/club/info/schedule/boxscore?club_idx=31993&game_idx=1612539
1613817,2024,10월06일 (일) 15:00,생활체육서울시민리그,신월야구장,한양대학교 D-Dogs OB 2 중앙대학교 랑데뷰 10,https://www.gameone.kr/club/info/schedule/boxscore?club_idx=31993&game_idx=1613817
1614080,2024,10월13일 (일) 13:00,디비전 6-강남구,구의야구장,한양대학교 D-Dogs OB 11 서울시립대 FALCONS OB 7,https://www.gameone.kr/club/info/schedule/boxscore?club_idx=31993&game_idx=1614080
1615812,2024,11월16일 (토) 09:30,성동구청장기 야구대회,살곶이야구장,블레스트 7 한양대학교 D-Dogs OB 5,https://www.gameone.kr/club/info/schedule/boxscore?club_idx=31993&game_idx=1615812
1616445,2024,11월10일 (일) 09:00,디비전 6-강남구,난지야구장,한양대학교 D-Dogs OB 12 스마일스 야구단 1,https://www.gameone.kr/club/info/schedule/boxscore?club_idx=31993&game_idx=1616445
1617090,2024,11월17일 (일) 11:00,디비전 6-강남구,난지야구장,Triple Axel 2 한양대학교 D-Dogs OB 콜드승 10,https://www.gameone.kr/club/info/schedule/boxscore?club_idx=31993&game_idx=1617090
1618740,2024,12월01일 (일) 09:00,디비전 6-강남구,난지야구장,쿠팡 로켓츠 2 한양대학교 D-Dogs OB 6,https://www.gameone.kr/club/info/schedule/boxscore?club_idx=31993&game_idx=1618740
1623406,2025,02월23일 (일) 17:40,일요 3부,"배명중,고 야구장",플레이보이즈 0 한양대학교 D-Dogs OB 15,https://www.gameone.kr/club/info/schedule/boxscore?club_idx=31993&game_idx=1623406
1623411,2025,03월09일 (일) 13:40,일요 3부,"배명중,고 야구장",신과함께 0 한양대학교 D-Dogs OB 7,https://www.gameone.kr/club/info/schedule/boxscore?club_idx=31993&game_idx=1623411
1623414,2025,03월23일 (일) 13:40,일요 3부,"배명중,고 야구장",한양대학교 D-Dogs OB 5 Team LEO 6,https://www.gameone.kr/club/info/schedule/boxscore?club_idx=31993&game_idx=1623414
1623419,2025,04월06일 (일) 15:40,일요 3부,"배명중,고 야구장",한양대학교 D-Dogs OB 8 SC 134 4,https://www.gameone.kr/club/info/schedule/boxscore?club_idx=31993&game_idx=1623419
1623420,2025,04월13일 (일) 13:40,일요 3부,"배명중,고 야구장",홀릭스 2 한양대학교 D-Dogs OB 9,https://www.gameone.kr/club/info/schedule/boxscore?club_idx=31993&game_idx=1623420
1623424,2025,04월27일 (일) 07:40,일요 3부,"배명중,고 야구장",한양대학교 D-Dogs OB 4 bastards baseball club2015 6,https://www.gameone.kr/club/info/schedule/boxscore?club_idx=31993&game_idx=1623424
1623432,2025,05월25일 (일) 07:40,일요 3부,"배명중,고 야구장",멘토리프렌즈 0 한양대학교 D-Dogs OB 9,https://www.gameone.kr/club/info/schedule/boxscore?club_idx=31993&game_idx=1623432
1623436,2025,06월08일 (일) 11:40,일요 3부,"배명중,고 야구장",레우스 10 한양대학교 D-Dogs OB 3,https://www.gameone.kr/club/info/schedule/boxscore?club_idx=31993&game_idx=1623436
1623442,2025,06월29일 (일) 17:40,일요 3부,"배명중,고 야구장",한양대학교 D-Dogs OB 5 플레이보이즈 6,https://www.gameone.kr/club/info/schedule/boxscore?club_idx=31993&game_idx=1623442
1623447,2025,07월13일 (일) 15:40,일요 3부,"배명중,고 야구장",한양대학교 D-Dogs OB 13 신과함께 2,https://www.gameone.kr/club/info/schedule/boxscore?club_idx=31993&game_idx=1623447
1623450,2025,07월27일 (일) 15:40,일요 3부,"배명중,고 야구장",Team LEO 9 한양대학교 D-Dogs OB 2,https://www.gameone.kr/club/info/schedule/boxscore?club_idx=31993&game_idx=1623450
1631199,2025,03월05일 (수) 20:00,수요 야간,살곶이야구장,한양대학교 D-Dogs OB 8 Nooky Nooks 8,https://www.gameone.kr/club/info/schedule/boxscore?club_idx=31993&game_idx=1631199
1631206,2025,03월26일 (수) 22:00,수요 야간,살곶이야구장,파인트리스 8 한양대학교 D-Dogs OB 5,https://www.gameone.kr/club/info/schedule/boxscore?club_idx=31993&game_idx=1631206
1631211,2025,04월16일 (수) 20:00,수요 야간,살곶이야구장,한양대학교 D-Dogs OB 3 아가리파이터스 콜드승 11,https://www.gameone.kr/club/info/schedule/boxscore?club_idx=31993&game_idx=1631211
1631218,2025,05월07일 (수) 22:00,수요 야간,살곶이야구장,TKO Hunters 2 한양대학교 D-Dogs OB 콜드승 10,https://www.gameone.kr/club/info/schedule/boxscore?club_idx=31993&game_idx=1631218
1631222,2025,05월21일 (수) 22:00,수요 야간,살곶이야구장,한양대학교 D-Dogs OB 4 드링커스야구단 6,https://www.gameone.kr/club/info/schedule/boxscore?club_idx=31993&game_idx=1631222
1631226,2025,06월04일 (수) 22:00,수요 야간,살곶이야구장,언더독 1 한양대학교 D-Dogs OB 콜드승 14,https://www.gameone.kr/club/info/schedule/boxscore?club_idx=31993&game_idx=1631226
1631233,2025,07월02일 (수) 20:00,수요 야간,살곶이야구장,한양대학교 D-Dogs OB 0 트위너스 콜드승 14,https://www.gameone.kr/club/info/schedule/boxscore?club_idx=31993&game_idx=1631233
1631237,2025,09월03일 (수) 20:00,수요 야간,살곶이야구장,한양대학교 D-Dogs OB 17 함부로 5,https://www.gameone.kr/club/info/schedule/boxscore?club_idx=31993&game_idx=1631237
1631242,2025,07월30일 (수) 22:00,수요 야간,살곶이야구장,SD ARROWs 2 한양대학교 D-Dogs OB 0,https://www.gameone.kr/club/info/schedule/boxscore?club_idx=31993&game_idx=1631242
1631248,2025,08월20일 (수) 22:00,수요 야간,살곶이야구장,S.D Rainbow 14 한양대학교 D-Dogs OB 4,https://www.gameone.kr/club/info/schedule/boxscore?club_idx=31993&game_idx=1631248
1632480,2025,03월16일 (일) 13:00,일요메이져,배재고야구장,한양대학교 D-Dogs OB 6 티오프 7,https://www.gameone.kr/club/info/schedule/boxscore?club_idx=31993&game_idx=1632480
1632483,2025,04월20일 (일) 13:00,일요메이져,배재고야구장,한양대학교 D-Dogs OB 콜드승 22 노라조슈퍼맨즈 5,https://www.gameone.kr/club/info/schedule/boxscore?club_idx=31993&game_idx=1632483
1632489,2025,05월11일 (일) 07:00,일요메이져,배재고야구장,한양대학교 D-Dogs OB 콜드승 10 야미사 Baseball 3,https://www.gameone.kr/club/info/schedule/boxscore?club_idx=31993&game_idx=1632489
1632501,2025,07월20일 (일) 07:00,일요메이져,배재고야구장,팀고덕 11 한양대학교 D-Dogs OB 0,https://www.gameone.kr/club/info/schedule/boxscore?club_idx=31993&game_idx=1632501
1632509,2025,07월13일 (일) 09:00,일요메이져,배재고야구장,팀-BORN 3 한양대학교 D-Dogs OB 0,https://www.gameone.kr/club/info/schedule/boxscore?club_idx=31993&game_idx=1632509
1632516,2025,08월31일 (일) 13:00,일요메이져,배재고야구장,드래곤볼Z 0 한양대학교 D-Dogs OB 10,https://www.gameone.kr/club/info/schedule/boxscore?club_idx=31993&game_idx=1632516
1632523,2025,01월11일 (일) 08:00,일요메이져,배재고야구장,위비야구단 3 한양대학교 D-Dogs OB 15,https://www.gameone.kr/club/info/schedule/boxscore?club_idx=31993&game_idx=1632523
1632530,2025,11월02일 (일) 17:00,일요메이져,배재고야구장,D-Story 6 한양대학교 D-Dogs OB 13,https://www.gameone.kr/club/info/schedule/boxscore?club_idx=31993&game_idx=1632530
1632536,2025,11월30일 (일) 16:00,일요메이져,배재고야구장,한양대학교 D-Dogs OB 11 TM야구단 5,https://www.gameone.kr/club/info/schedule/boxscore?club_idx=31993&game_idx=1632536
1651968,2025,03월30일 (일) 12:30,친선경기,살곶이 야구장,한양대학교 D-Dogs OB 2 한양대학교 D-Dogs 8,https://www.gameone.kr/club/info/schedule/boxscore?club_idx=31993&game_idx=1651968
1661359,2025,07월06일 (일) 07:00,서울시민리그(S-리그),난지야구장,한양대학교 D-Dogs OB 0 디펜스원 콜드승 10,https://www.gameone.kr/club/info/schedule/boxscore?club_idx=31993&game_idx=1661359
1661360,2025,06월22일 (일) 15:00,서울시민리그(S-리그),난지야구장,한양대학교 D-Dogs OB 1 나우리야구팀 콜드승 13,https://www.gameone.kr/club/info/schedule/boxscore?club_idx=31993&game_idx=1661360
1665262,2025,08월17일 (일) 11:00,서울시민리그(S-리그),난지구장,와니엘SG 8 한양대학교 D-Dogs OB 3,https://www.gameone.kr/club/info/schedule/boxscore?club_idx=31993&game_idx=1665262
1668468,2025,09월21일 (일) 11:00,일요메이져,배재고야구장,한양대학교 D-Dogs OB 8 공존 0,https://www.gameone.kr/club/info/schedule/boxscore?club_idx=31993&game_idx=1668468
1668591,2025,09월07일 (일) 12:00,서울시민리그(S-리그),신월야구장,TEAM Knights 6 한양대학교 D-Dogs OB 8,https://www.gameone.kr/club/info/schedule/boxscore?club_idx=31993&game_idx=1668591
1675404,2025,11월09일 (일) 17:30,성동구청장기 야구대회,살곶이야구장,한양대학교 D-Dogs OB 콜드승 12 gaepo mammoth 0,https://www.gameone.kr/club/info/schedule/boxscore?club_idx=31993&game_idx=1675404
1675797,2025,11월15일 (토) 17:30,성동구청장기 야구대회,살곶이야구장,한양대학교 불새 2 한양대학교 D-Dogs OB 11,https://www.gameone.kr/club/info/schedule/boxscore?club_idx=31993&game_idx=1675797
1676373,2025,11월16일 (일) 12:30,성동구청장기 야구대회,살곶이야구장,한양대학교 D-Dogs OB 3 위플레이 1,https://www.gameone.kr/club/info/schedule/boxscore?club_idx=31993&game_idx=1676373
1676422,2025,11월23일 (일) 11:00,성동구청장기 야구대회,살곶이야구장,YS Bulls 9 한양대학교 D-Dogs OB 6,https://www.gameone.kr/club/info/schedule/boxscore?club_idx=31993&game_idx=1676422
1685360,2026,03월08일 (일) 07:30,일요 싱글,살곶이야구장,블레스트 3 한양대학교 D-Dogs OB 3,https://www.gameone.kr/club/info/schedule/boxscore?club_idx=31993&game_idx=1685360
1685393,2026,04월19일 (일) 19:30,일요 싱글,살곶이야구장,한양대학교 D-Dogs OB 17 HHITS OB 7,https://www.gameone.kr/club/info/schedule/boxscore?club_idx=31993&game_idx=1685393
1685398,2026,05월10일 (일) 15:30,일요 싱글,살곶이야구장,한양대학교 D-Dogs OB 15 홀릭스 4,https://www.gameone.kr/club/info/schedule/boxscore?club_idx=31993&game_idx=1685398
1685407,2026,05월24일 (일) 07:30,일요 싱글,살곶이야구장,한양대학교 D-Dogs OB 11 미라클베이스볼 3,https://www.gameone.kr/club/info/schedule/boxscore?club_idx=31993&game_idx=1685407
1685416,2026,06월07일 (일) 15:30,일요 싱글,살곶이야구장,GS건설 1 한양대학교 D-Dogs OB 콜드승 12,https://www.gameone.kr/club/info/schedule/boxscore?club_idx=31993&game_idx=1685416
1685430,2026,07월05일 (일) 15:30,일요 싱글,살곶이야구장,헤이컴온 7 한양대학교 D-Dogs OB 8,https://www.gameone.kr/club/info/schedule/boxscore?club_idx=31993&game_idx=1685430
1685434,2026,07월12일 (일) 09:30,일요 싱글,살곶이야구장,한양대학교 D-Dogs OB 8 마굿간에쿠스 3,https://www.gameone.kr/club/info/schedule/boxscore?club_idx=31993&game_idx=1685434
1685452,2026,08월02일 (일) 19:30,일요 싱글,살곶이야구장,성동 바이퍼스 8 한양대학교 D-Dogs OB 8,https://www.gameone.kr/club/info/schedule/boxscore?club_idx=31993&game_idx=1685452
1689334,2026,04월12일 (일) 07:00,일요메이져,배재고야구장,홀릭스 4 한양대학교 D-Dogs OB 11,https://www.gameone.kr/club/info/schedule/boxscore?club_idx=31993&game_idx=1689334
1689339,2026,05월24일 (일) 19:00,일요메이져,배재고야구장,야미사 Baseball 4 한양대학교 D-Dogs OB 5,https://www.gameone.kr/club/info/schedule/boxscore?club_idx=31993&game_idx=1689339
1689344,2026,06월07일 (일) 11:00,일요메이져,배재고야구장,팀고덕 8 한양대학교 D-Dogs OB 4,https://www.gameone.kr/club/info/schedule/boxscore?club_idx=31993&game_idx=1689344
1689359,2026,08월02일 (일) 13:00,일요메이져,배재고야구장,한양대학교 D-Dogs OB 3 명성브라덜스 콜드승 13,https://www.gameone.kr/club/info/schedule/boxscore?club_idx=31993&game_idx=1689359
1697072,2026,03월01일 (일) 09:00,일요리그(C조),[서울] 성남중 운동장,한양대학교 D-Dogs OB 콜드승 16 엠피이엔지 야구단 5,https://www.gameone.kr/club/info/schedule/boxscore?club_idx=31993&game_idx=1697072
1697119,2026,04월05일 (일) 19:00,일요리그(C조),[서울] 성남고 야구장,스윗하츠 17 한양대학교 D-Dogs OB 9,https://www.gameone.kr/club/info/schedule/boxscore?club_idx=31993&game_idx=1697119
1697143,2026,04월26일 (일) 15:00,일요리그(C조),[서울] 성남고 야구장,용암OB 3 한양대학교 D-Dogs OB 4,https://www.gameone.kr/club/info/schedule/boxscore?club_idx=31993&game_idx=1697143
1697195,2026,05월31일 (일) 13:00,일요리그(C조),[서울] 성남중 운동장,한양대학교 D-Dogs OB 콜드승 11 도파민 1,https://www.gameone.kr/club/info/schedule/boxscore?club_idx=31993&game_idx=1697195
1697226,2026,06월21일 (일) 17:00,일요리그(C조),[서울] 성남중 운동장,야벤져스2 7 한양대학교 D-Dogs OB 7,https://www.gameone.kr/club/info/schedule/boxscore?club_idx=31993&game_idx=1697226
1698117,2026,07월19일 (일) 15:00,일요리그(C조),[서울] 성남중 운동장,한양대학교 D-Dogs OB 6 화타야구단2 5,https://www.gameone.kr/club/info/schedule/boxscore?club_idx=31993&game_idx=1698117
1698139,2026,08월02일 (일) 12:35,일요리그(C조),[서울] 성남중 운동장,야구낭인 1 한양대학교 D-Dogs OB 콜드승 13,https://www.gameone.kr/club/info/schedule/boxscore?club_idx=31993&game_idx=1698139
1707338,2026,06월07일 (일) 06:55,일요리그(C조),[서울] 성남고 야구장,한양대학교 D-Dogs OB 8 화타야구단2 7,https://www.gameone.kr/club/info/schedule/boxscore?club_idx=31993&game_idx=1707338
1707342,2026,06월14일 (일) 07:00,일요리그(C조),[서울] 성남고 야구장,한양대학교 D-Dogs OB 10 클럽레즈 야구단 11,https://www.gameone.kr/club/info/schedule/boxscore?club_idx=31993&game_idx=1707342
